{"cameraMode":{"drawMode":0,"name":"Shaded","section":"Shading Mode"},"sceneLighting":true,"audioPlay":false,"sceneViewState":{"m_AlwaysRefresh":false,"showFog":true,"showSkybox":true,"showFlares":true,"showImageEffects":true,"showParticleSystems":true,"showVisualEffectGraphs":true,"m_FxEnabled":true},"in2DMode":false,"pivot":{"x":-15.585248947143555,"y":0.3261427879333496,"z":-6.8205976486206059},"rotation":{"x":0.06615682691335678,"y":-0.6987509727478027,"z":0.06517187505960465,"w":0.7093117833137512},"size":19.313467025756837,"orthographic":false}