{"cameraMode":{"drawMode":0,"name":"Shaded","section":"Shading Mode"},"sceneLighting":true,"audioPlay":false,"sceneViewState":{"m_AlwaysRefresh":false,"showFog":true,"showSkybox":true,"showFlares":true,"showImageEffects":true,"showParticleSystems":true,"showVisualEffectGraphs":true,"m_FxEnabled":true},"in2DMode":false,"pivot":{"x":15.829999923706055,"y":3.890000104904175,"z":-1.2599999904632569},"rotation":{"x":0.11261360347270966,"y":0.3022541105747223,"z":-0.035985447466373447,"w":0.9458684325218201},"size":5.933078289031982,"orthographic":false}